,domainsub1,ga4_sessions,Include
0,,3572169,Yes
1,partners,440737,Yes
2,affiliate-marketing,283069,Yes
3,request-a-demo-for-brands,165854,Yes
4,integrated-platform-prices,118149,Yes
5,get-started,91777,Yes
6,careers,86551,No
7,contact,80094,No
8,influencer,63803,Yes
9,about,61852,Yes
10,partnership-management-platform,49136,Yes
11,influencer-marketing,38249,Yes
12,creator,35706,Yes
13,agency-partner-program,26209,Yes
14,privacy-policy,25628,Yes
15,referral-partner-program,25597,Yes
16,partnerships-experience,21914,Yes
17,partnerships,20977,Yes
18,lp,20776,Yes
19,insights,15398,Yes
20,affiliate,15264,Yes
21,advocate,12213,Yes
22,ebooks,10404,Yes
23,case-studies,9605,Yes
24,fr,7743,Yes
25,blog,7067,Yes
26,request-a-demo-thank-you,7029,Yes
27,de,6615,Yes
28,discover-recruit,6385,Yes
29,research-reports,6145,Yes
30,news,6040,Yes
31,technology-partners,6002,Yes
32,saas-partnership-marketing,5839,Yes
33,marketing-intelligence,5150,Yes
34,commerce-content,4810,Yes
35,customer-referral-marketing,4465,Yes
36,partnership-contract-pay,3758,Yes
37,services,3690,Yes
38,terms-of-use,3371,No
39,events,3121,Yes
40,mobile,2857,Yes
41,business-development,2806,Yes
42,press-releases,2750,Yes
43,request-a-demo-for-publishers,2669,Yes
44,partnership-track,2530,Yes
45,videos,2376,Yes
46,ja,2009,Yes
47,marketing-analysts,1970,Yes
48,protect-monitor,1937,Yes
49,customer-success-stories,1762,Yes
50,pxa,1600,Yes
51,partnerships-experience-academy,1579,Yes
52,kits-worksheets,1555,Yes
53,glossary,1401,Yes
54,podcasts,1359,No
55,infographics,1271,Yes
56,partnership-economy,1216,Yes
57,referral,1019,Yes
58,?utm_source=signaturesatori&utm_medium=email_signature&utm_campaign=general_signature,947,No
59,manage-engage,840,Yes
60,optimize-insights,819,Yes
61,creator-edit,592,Yes
62,security-and-privacy,574,Yes
63,search,518,Yes
64,?utm_content=body-above_cta-text_impact_home&utm_medium=email&utm_source=transactional&utm_term=emea_publishers_transactional_accountnotice_resellerexlfrde&utm_campaign=30-05-25_emea_publishers_transactional_account-notice_reseller-exl-fr-de,516,No
65,seller,480,Yes
66,web-design-system-modules,438,Yes
67,?utm_source=community&utm_campaign=thu_global_pubs_reattribution_issue2_23052024&utm_medium=email&utm_content=cta-logo&utm_term=reattribution_issue2_brands_list&utm_id=368479,358,No
68,agency-coaching-program,318,Yes
69,?utm_source=community&utm_campaign=tue_global_pubs_action_processing_07052024&utm_medium=email&utm_content=cta-logo&utm_term=master-publisher_list&utm_id=367638,279,No
70,find-influencers,279,Yes
71,shopify-plans,273,Maybe
72,onesheets,267,Yes
73,saasquatch,240,Yes
74,warc-research-report,230,Yes
75,the-partnership-ecosystem-ig-pc-ed,222,Yes
76,?utm_content=header_logo_impact_home&utm_medium=email&utm_source=transactional&utm_term=emea_publishers_transactional_accountnotice_resellerexlfrde&utm_campaign=30-05-25_emea_publishers_transactional_account-notice_reseller-exl-fr-de,221,No
77,?adid=aw203ufxb5yesqz6v4w18,221,No
78,?utm_source=chatgpt.com,185,No
79,squarespace-plans,160,No
80,?utm_source=facacusub-newsletter.beehiiv.com&utm_medium=newsletter&utm_campaign=sidee-ayaan-ku-affiliate-marketing-uga-sameeyay-15k,159,No
81,?utm_source=signaturesatori&utm_medium=email_signature&utm_campaign=incrementality-playbook2,148,No
82,?irgwc=1,148,No
83,it,148,No
84,?_gl=xxxxxxxxxxxxxxxxxx&gclid=CjwKCAjwiezABhBZEiwAEbTPGO7a5gpGcJRIuLKLq6cOi4mt20HPJYPVB7FZz9Z6ozM7_EhT9EgpghoCpxMQAvD_BwE,148,No
85,diamond-agency-audit,148,No
86,insights-search,119,No
87,?irgwc=1&clickid=3lUwUt0hWxyKUgrSayWAnT6DUkHS7LwfIXvF0I0,119,No
88,?irgwc=1&irclickid=1QuSOsQy%3AxyPWVz2qZXHrXHMUkCz3KTHtXyHV80,119,No
89,?irclickid=WjKSx5RpNxyKU04XKz2CIwXFUkCWZ3Up1RdEQc0&sharedid=https%3A%2F%2Fwww.yieldkit.com%2F&irpid=2334778&utm_source=impact.com&utm_medium=referral&utm_campaign=partner-program&irgwc=1,119,No
90,?utm_source=community&utm_campaign=thu_global_pubs_reattribution_issue2_23052024&utm_medium=email&utm_content=cta-header&utm_term=reattribution_issue2_brands_list&utm_id=368479,119,No
91,?utm_source=transactional&utm_campaign=mon_global_publisher_phishing_communication_22042024&utm_medium=email&utm_content=cta-text&utm_term=master_brands_list&utm_id=365551,119,No
92,?utm_content=body-above_cta-text_impact_home&utm_medium=email&utm_source=transactional&utm_term=sgp_publishers_transactional_accountnotice_reseller&utm_campaign=30-05-25_sgp_publishers_transactional_account-notice_reseller,111,No
93,?utm_source=signaturesatori&utm_medium=email_signature&utm_campaign=on-demand-webinar-emarketer-campaign,111,No
94,?mutiny=false,111,No
95,?utm_content=header_logo_impact_home&utm_medium=email&utm_source=transactional&utm_term=emea_publishers_transactional_accountnotice_resellerincfrde&utm_campaign=30-05-25_emea_publishers_transactional_account-notice_reseller-inc-fr-de,111,No
96,?subject=hafhcfdevcf,111,No
97,?noTrack=true,80,No
98,?_gl=xxxxxxxxxxxxxxxxxx&gclid=CjwKCAjw5v2wBhBrEiwAXDDoJa-97wBPdymOgUkQgqMdFV6WqbvGUAc9ZndkjXKJGv3wwb0as7TR6RoCKTIQAvD_BwE,80,No
99,?utm_source=signaturesatori&utm_medium=email_signature&utm_campaign=iPX24%20agenda%20is%20live%20,80,No
100,?irclickid=1uHXPy0AyxyKUm0UFpxj9xLfUkHXCDQMCzlRVk0&irgwc=1&mpid=3476091,80,No
101,qualified-test,80,No
102,?mutiny_preview=eyJhbGciOiJIUzI1NiJ9.eyJrZXkiOiI2NDAzZWJlMC1lMGIwLTRmYTUtYWViOS1mNzYwODM0ZTkyZWIiLCJpc3MiOiJmZDBmNTM1NjIwNmRlYjAxIiwiY29tcGFueV9pZCI6ImZkMGY1MzU2MjA2ZGViMDEiLCJleHBlcmllbmNlX2lkIjoiNDFiY2VkZGItOTc1MC00YjJlLWI1YzYtODNiYWFjMmNlNTI0IiwidmFyaWF0aW9uX2lkIjoiNmI5YjMxNGMtZTYzZC00MTczLTkyNjItNDlmNjNmYTBiYzg4IiwiZXhwIjoxNzIwMjc4NTEwLCJ2YXJpYWJsZV9vdmVycmlkZXMiOnsiY29tcGFueSI6eyJzaXhfc2Vuc2UiOnsibmFtZSI6IjZzZW5zZSJ9fX19.eVVfl8V0uKQeEzz4Dm6a0Ib9rHsLGlwS7UbPAl3fM9I,80,No
103,amplify,80,No
104,?irclickid=UThQsqTqcxyPT3AQPU2%3A0SfvUkHTcT014Rb1Us0&irgwc=1&mpid=2491208,80,No
105,ad-networks-ssps,80,No
106,?utm_campaign=The%20PR%20Net%20Newsletter&utm_medium=email&_hsenc=p2ANqtz-_v6gmAHpplBjfmdnZihNk3gRQ-U4_hfVNMUiGKBaT3NcoznArAD1NSeHETVodkg3yHvbUGuB-kz71FuAu2lA8LZ1Cszg&_hsmi=306404334&utm_content=306404334&utm_source=hs_email,80,No
107,?utm_source=retention&utm_campaign=thu_global_pubs_independenceday_seasonal_16052024&utm_medium=email&utm_content=cta-logo&utm_term=master_engaged_120days_table&utm_id=368495,80,No
108,?_gl=xxxxxxxxxxxxxxxxxx&gclid=CjwKCAjw57exBhAsEiwAaIxaZtm8fO8dyaDgALJ6mQeU9wvOC9vnsYsO_Pt6IJ2tU8LtaiXetmQHERoCYI8QAvD_BwE,80,No
109,?_gl=xxxxxxxxxxxxxxxxx&gclid=CjwKCAjwrIixBhBbEiwACEqDJV-1jULFQFCxWK4U0jQqQAXjoY63fcXOcHImrjSLgjaG9sMFa34MPRoCo-wQAvD_BwE,80,No
110,accessibility-policy,80,No
111,?utm_source=transactional&utm_campaign=mon_global_publisher_phishing_communication_22042024&utm_medium=email&utm_content=cta-logo&utm_term=master_brands_list&utm_id=365551,80,No
112,?_gl=xxxxxxxxxxxxxxxxxx&gclid=Cj0KCQjw0MexBhD3ARIsAEI3WHKn-Ac11kgaZzXR0yNSeHJricf54sF4Xh78TbVjm3wB7f4RjbQOsCgaAug2EALw_wcB,80,No
113,?utm_source=educational&utm_campaign=wed_global_brands_nylas-beta_15052024&utm_medium=email&utm_content=cta-logo&utm_term=nylas_beta_1000_list&utm_id=368569,80,No
114,houston,80,No
115,?utm_source=mkto&utm_medium=owned-email-nurture&utm_campaign=nurture-6sense&utm_content=6sense-nurture&mkt_tok=MjgwLVhRUC05OTQAAAGTRPCdhzu1nO-GnfDniTOOJ9FHwWPHmgqvEihfnhDEbW4vlOgux9eMqFykHDIoHua3a4GljTP1lTiB-bDYYn60v1Ax1KwXj6dFA6Oz0o4Jv_Jd,80,No
116,?utm_source=educational&utm_campaign=thu_global_brands_pxa-newsletter_16052024&utm_medium=email&utm_content=footer_text_legal-policy&utm_term=master_advertiser_list&utm_id=368660,80,No
117,?fbclid=IwY2xjawJGhs9leHRuA2FlbQIxMAABHZc1bx1KZ7DFBheW3Xw39gA9nM4Iwq8oETPMhc_RyE5qqvYgqwQoCEt59A_aem_VXyTeNWI8FRQ8EU-mzwKfA,74,No
118,?fbclid=IwZXh0bgNhZW0CMTEAAR2MSlMhGOpJiNDgUfXfWtdBv82TyIycjztLWWHumKq9P5UYI0pMtKjmjF4_aem_vmAOG-eG2LRLAy-4BcJzZA,74,No
119,secure,74,No
120,?fbclid=IwY2xjawGVrTZleHRuA2FlbQIxMAABHfH5UUeMmmYfBjuBOLTSPSFRNfQ0HFfNf1kbDE72U7AOJjZ8gYfqW55Xhw_aem_O7zS72ButNCAL7nZUAp1XA,74,No
121,?cppv=3&cpp=8h841b1tVb&utm_source=pop&utm_campaign=criteoretartgeting&cid=16226a3161bde4d3,74,No
122,?_bt=484926750381&_bk=radius%20by%20impact&_bm=p&_bn=g&utm_source=google&utm_medium=cpc&utm_campaign=1658251646-99602214939&utm_content=484926750381&utm_term=radius%20by%20impact-p&_bk=radius%20by%20impact&_bm=p&_bn=g&gad_source=1&gclid=CjwKCAiAw5W-BhAhEiwApv4goNYKm3o-XBnhTXYmjRB_mW_477Cu2K-O-AA4eqrqzJwHYQDC4bi5bxoCu_AQAvD_BwE,74,No
123,?_gl=xxxxxxxxxxxxxxxxx&gclid=Cj0KCQjwlMfABhCWARIsADGXdy_5enKtBsVwFbJWzhuz5o4qwfPc-pXkL3rUyUqZdVvq4Mktf7tRjBoaAooGEALw_wcB,74,No
124,?mutiny_preview=eyJhbGciOiJIUzI1NiJ9.eyJrZXkiOiI2NDAzZWJlMC1lMGIwLTRmYTUtYWViOS1mNzYwODM0ZTkyZWIiLCJpc3MiOiJmZDBmNTM1NjIwNmRlYjAxIiwiY29tcGFueV9pZCI6ImZkMGY1MzU2MjA2ZGViMDEiLCJleHBlcmllbmNlX2lkIjoiOGY4ZGYwMmQtM2RhYi00Yzk1LTk1NTItYzllM2UwNjk5ZDhiIiwidmFyaWF0aW9uX2lkIjoiMjJhYzdjODgtN2UxZC00YTdlLTg3NGYtZjFiNmY5NGU3YzgzIiwiZXhwIjoxNzUwMjczMzYyLCJ2YXJpYWJsZV9vdmVycmlkZXMiOnt9fQ.VE12q7N0QfmDaIZDhqVpSO32UR5T2lxm6e4Vqt0ShdQ,74,No
125,?mutiny_preview=eyJhbGciOiJIUzI1NiJ9.eyJrZXkiOiI2NDAzZWJlMC1lMGIwLTRmYTUtYWViOS1mNzYwODM0ZTkyZWIiLCJpc3MiOiJmZDBmNTM1NjIwNmRlYjAxIiwiY29tcGFueV9pZCI6ImZkMGY1MzU2MjA2ZGViMDEiLCJleHBlcmllbmNlX2lkIjoiOGY4ZGYwMmQtM2RhYi00Yzk1LTk1NTItYzllM2UwNjk5ZDhiIiwidmFyaWF0aW9uX2lkIjoiMjJhYzdjODgtN2UxZC00YTdlLTg3NGYtZjFiNmY5NGU3YzgzIiwiZXhwIjoxNzUwMjczNDI0LCJ2YXJpYWJsZV9vdmVycmlkZXMiOnt9fQ.wFCJQG2g5J1fbGz5A7exZwpCXIkfYWnx02yCkfRFwKc,74,No
126,?p=129156&preview=true,74,No
127,?q_mailing_7U7YeKP2qiLvjYf7MiEr8tBuK3CH9uwtwXttW=Rp35P3TEc9uEJE65c8gBK64KfvwwE5AhoZHJtnRS6M5HQ69toy98jXzwL&utm_campaign=general_signature&utm_medium=email_signature&utm_source=signaturesatori,74,No
128,?q_mailing_7U7YeKP2qiLvjYf7MiEr8tBuK3CH9uwtwXttW=Rp38JQLAUZntDX3EUNk3uYhoHXffhrFy9Du7YFxXz7GcyBa9HSZb9n28P&utm_campaign=general_signature&utm_medium=email_signature&utm_source=signaturesatori,74,No
129,?q_mailing_7U7YeKP2qiLvjYf7MiEr8tBuK3CH9uwtwXttW=Rp3hmZ3EJYbNQv69uAZwAKq1gMTk75VesQzYhuvWUHRDFssFAnA7JR6mm,74,No
130,?utm_source=linkedin&utm_medium=brand-organic-social&utm_campaign=ppl-culture,74,No
131,?_gl=xxxxxxxxxxxxxxxxxx&gclid=Cj0KCQiA-5a9BhCBARIsACwMkJ5RWUdmbKzGq1E04G37bVnm1kOTHA0a_RGRdikKxWfFdq_cui9OnB0aApbqEALw_wcB,74,No
132,impact-com-creator-influencer-marketing-platform-training-course,74,No
133,?utm_source=stripe.com&utm_medium=referral&utm_content=impact-website&utm_campaign=stripe-marketplace-listing,74,No
134,?utm_content=header_logo_impact_home&utm_medium=email&utm_term=global_creators_retention_creator_match_join_campaign&utm_source=retention&utm_id=1394728&utm_campaign=30-01-25_global_creators_retention_creator-match-join-campaign_health-and-empowerment,74,No