Date (ISO Year Week),Campaign group name,Total spent
"Jun 2, 2025 to Jun 8, 2025 (Week 23)",impact - EMEA,955.84
"Jun 2, 2025 to Jun 8, 2025 (Week 23)",impact - NAM,3164.96
"Jun 2, 2025 to Jun 8, 2025 (Week 23)",Organic Social - Penelope,54.77
"Jun 2, 2025 to Jun 8, 2025 (Week 23)",APAC,299.9
"Jun 2, 2025 to Jun 8, 2025 (Week 23)",2X - Radius - General,6277.35
"May 26, 2025 to Jun 1, 2025 (Week 22)",2X - Radius - General,51762.4
"May 26, 2025 to Jun 1, 2025 (Week 22)",impact - NAM,19120.46
"May 26, 2025 to Jun 1, 2025 (Week 22)",impact - EMEA,5206.12
"May 26, 2025 to Jun 1, 2025 (Week 22)",Organic Social - Penelope,212.42
"May 26, 2025 to Jun 1, 2025 (Week 22)",APAC,1361.81
"May 19, 2025 to May 25, 2025 (Week 21)",iPX 2025 Austin Penelope,37.07
"May 19, 2025 to May 25, 2025 (Week 21)",2X - Radius - General,31580.56
"May 19, 2025 to May 25, 2025 (Week 21)",Organic Social - Penelope,136.83
"May 19, 2025 to May 25, 2025 (Week 21)",APAC,1327
"May 19, 2025 to May 25, 2025 (Week 21)",impact - NAM,19453.77
"May 19, 2025 to May 25, 2025 (Week 21)",impact - EMEA,2171.06
"May 12, 2025 to May 18, 2025 (Week 20)",2X - Radius - General,32601.38
"May 12, 2025 to May 18, 2025 (Week 20)",impact - NAM,24209.91
"May 12, 2025 to May 18, 2025 (Week 20)",Organic Social - Penelope,92.72
"May 12, 2025 to May 18, 2025 (Week 20)",APAC,1257.05
"May 12, 2025 to May 18, 2025 (Week 20)",iPX 2025 Austin Penelope,102.69
"May 5, 2025 to May 11, 2025 (Week 19)",2X - Radius - General,28546.57
"May 5, 2025 to May 11, 2025 (Week 19)",impact - NAM,29052.42
"May 5, 2025 to May 11, 2025 (Week 19)",APAC,1284.58
"Apr 28, 2025 to May 4, 2025 (Week 18)",2X - Radius - General,31018.04
"Apr 28, 2025 to May 4, 2025 (Week 18)",impact - NAM,30602.05
"Apr 28, 2025 to May 4, 2025 (Week 18)",APAC,1262.94
"Apr 21, 2025 to Apr 27, 2025 (Week 17)",2X - Radius - General,24884.31
"Apr 21, 2025 to Apr 27, 2025 (Week 17)",impact - NAM,21638.46
"Apr 21, 2025 to Apr 27, 2025 (Week 17)",APAC,1310.95
"Apr 14, 2025 to Apr 20, 2025 (Week 16)",APAC,1164.8
"Apr 14, 2025 to Apr 20, 2025 (Week 16)",impact - NAM,22524.93
"Apr 14, 2025 to Apr 20, 2025 (Week 16)",2X - Radius - General,25758.98
"Apr 7, 2025 to Apr 13, 2025 (Week 15)",APAC,946.7974353
"Apr 7, 2025 to Apr 13, 2025 (Week 15)",impact - NAM,32144.65353
"Apr 7, 2025 to Apr 13, 2025 (Week 15)",2X - Radius - General,25664.26242
"Mar 31, 2025 to Apr 6, 2025 (Week 14)",APAC,916.8206875
"Mar 31, 2025 to Apr 6, 2025 (Week 14)",2X - Radius - General,27085.18033
"Mar 31, 2025 to Apr 6, 2025 (Week 14)",impact - NAM,44085.08509
"Mar 24, 2025 to Mar 30, 2025 (Week 13)",APAC,900.25
"Mar 24, 2025 to Mar 30, 2025 (Week 13)",impact - NAM,31353.94
"Mar 24, 2025 to Mar 30, 2025 (Week 13)",2X - Radius - General,25446.06
"Mar 17, 2025 to Mar 23, 2025 (Week 12)",impact - NAM,33831.04
"Mar 17, 2025 to Mar 23, 2025 (Week 12)",2X - Radius - General,29105.48
"Mar 17, 2025 to Mar 23, 2025 (Week 12)",APAC,1127.16
"Mar 10, 2025 to Mar 16, 2025 (Week 11)",APAC,1513.06
"Mar 10, 2025 to Mar 16, 2025 (Week 11)",impact - NAM,45042.38
"Mar 10, 2025 to Mar 16, 2025 (Week 11)",2X - Radius - General,33448.05
"Mar 3, 2025 to Mar 9, 2025 (Week 10)",2X - Radius - General,46098.52
"Mar 3, 2025 to Mar 9, 2025 (Week 10)",impact - NAM,48818.5
"Mar 3, 2025 to Mar 9, 2025 (Week 10)",APAC,1655.62
"Feb 24, 2025 to Mar 2, 2025 (Week 9)",2X - Radius - General,45694.2
"Feb 24, 2025 to Mar 2, 2025 (Week 9)",impact - NAM,57373.41
"Feb 24, 2025 to Mar 2, 2025 (Week 9)",APAC,1632.76
"Feb 17, 2025 to Feb 23, 2025 (Week 8)",APAC,1921.71
"Feb 17, 2025 to Feb 23, 2025 (Week 8)",impact - NAM,91069.04
"Feb 17, 2025 to Feb 23, 2025 (Week 8)",2X - Radius - General,11500.85
"Feb 10, 2025 to Feb 16, 2025 (Week 7)",impact - NAM,101839.3
"Feb 10, 2025 to Feb 16, 2025 (Week 7)",APAC,2780.75
"Feb 3, 2025 to Feb 9, 2025 (Week 6)",impact - NAM,102314.3
"Feb 3, 2025 to Feb 9, 2025 (Week 6)",APAC,2438.27
"Jan 27, 2025 to Feb 2, 2025 (Week 5)",impact - NAM,102760.38
"Jan 27, 2025 to Feb 2, 2025 (Week 5)",APAC,2119.72
"Jan 20, 2025 to Jan 26, 2025 (Week 4)",impact - NAM,102674.29
"Jan 20, 2025 to Jan 26, 2025 (Week 4)",APAC,2119.65
"Jan 13, 2025 to Jan 19, 2025 (Week 3)",impact - NAM,102446.91
"Jan 13, 2025 to Jan 19, 2025 (Week 3)",APAC,2159.16
"Jan 6, 2025 to Jan 12, 2025 (Week 2)",impact - NAM,96384.96
"Jan 6, 2025 to Jan 12, 2025 (Week 2)",APAC,1756.92
"Dec 30, 2024 to Jan 5, 2025 (Week 1)",APAC,639.38
"Dec 30, 2024 to Jan 5, 2025 (Week 1)",impact - NAM,50625.98
"Dec 23, 2024 to Dec 29, 2024 (Week 52)",APAC,795.64
"Dec 23, 2024 to Dec 29, 2024 (Week 52)",impact - NAM,42637.39
"Dec 16, 2024 to Dec 22, 2024 (Week 51)",APAC,1299.07
"Dec 16, 2024 to Dec 22, 2024 (Week 51)",Organic Social - Penelope,162.5
"Dec 16, 2024 to Dec 22, 2024 (Week 51)",impact - NAM,73923.47
"Dec 9, 2024 to Dec 15, 2024 (Week 50)",impact - NAM,67597.89
"Dec 9, 2024 to Dec 15, 2024 (Week 50)",APAC,918.74
"Dec 9, 2024 to Dec 15, 2024 (Week 50)",Organic Social - Penelope,503.72
"Dec 2, 2024 to Dec 8, 2024 (Week 49)",APAC,1757.234911
"Dec 2, 2024 to Dec 8, 2024 (Week 49)",impact - NAM,63961.42
"Dec 2, 2024 to Dec 8, 2024 (Week 49)",Organic Social - Penelope,83.78
"Nov 25, 2024 to Dec 1, 2024 (Week 48)",APAC,1981.94
"Nov 25, 2024 to Dec 1, 2024 (Week 48)",impact - NAM,52698.62
"Nov 25, 2024 to Dec 1, 2024 (Week 48)",Organic Social - Penelope,72.27
"Nov 18, 2024 to Nov 24, 2024 (Week 47)",impact - NAM,60516.05
"Nov 18, 2024 to Nov 24, 2024 (Week 47)",APAC,1949.58
"Nov 18, 2024 to Nov 24, 2024 (Week 47)",Organic Social - Penelope,262.07
"Nov 11, 2024 to Nov 17, 2024 (Week 46)",impact - NAM,62159.8
"Nov 11, 2024 to Nov 17, 2024 (Week 46)",APAC,1892.577374
"Nov 11, 2024 to Nov 17, 2024 (Week 46)",Organic Social - Penelope,253.7
"Nov 4, 2024 to Nov 10, 2024 (Week 45)",APAC,1682.133843
"Nov 4, 2024 to Nov 10, 2024 (Week 45)",impact - NAM,75509.02
"Oct 28, 2024 to Nov 3, 2024 (Week 44)",Organic Social - Penelope,381.82
"Oct 28, 2024 to Nov 3, 2024 (Week 44)",impact - NAM,46851.93
"Oct 28, 2024 to Nov 3, 2024 (Week 44)",APAC,1715.67
"Oct 21, 2024 to Oct 27, 2024 (Week 43)",Organic Social - Penelope,366.9799999
"Oct 21, 2024 to Oct 27, 2024 (Week 43)",impact - NAM,48669.03998
"Oct 21, 2024 to Oct 27, 2024 (Week 43)",APAC,1708.43979
"Oct 14, 2024 to Oct 20, 2024 (Week 42)",impact - NAM,63780.43995
"Oct 14, 2024 to Oct 20, 2024 (Week 42)",APAC,1740.969478
"Oct 7, 2024 to Oct 13, 2024 (Week 41)",impact - NAM,91027.27989
"Oct 7, 2024 to Oct 13, 2024 (Week 41)",APAC,1783.067747
"Sep 30, 2024 to Oct 6, 2024 (Week 40)",impact - NAM,93621.59993
"Sep 30, 2024 to Oct 6, 2024 (Week 40)",APAC,1799.008011
"Sep 23, 2024 to Sep 29, 2024 (Week 39)",impact - NAM,69891.36993
"Sep 23, 2024 to Sep 29, 2024 (Week 39)",APAC,1734.649521
"Sep 16, 2024 to Sep 22, 2024 (Week 38)",impact - NAM,69274.63993
"Sep 16, 2024 to Sep 22, 2024 (Week 38)",APAC,1570.577606
"Sep 9, 2024 to Sep 15, 2024 (Week 37)",impact - NAM,72585.56993
"Sep 9, 2024 to Sep 15, 2024 (Week 37)",APAC,1981.619539
"Sep 2, 2024 to Sep 8, 2024 (Week 36)",impact - NAM,67687.95994
"Sep 2, 2024 to Sep 8, 2024 (Week 36)",APAC,2148.909037
"Aug 26, 2024 to Sep 1, 2024 (Week 35)",impact - NAM,74130.97993
"Aug 26, 2024 to Sep 1, 2024 (Week 35)",APAC,2036.691736
"Aug 19, 2024 to Aug 25, 2024 (Week 34)",impact - NAM,82804.29994
"Aug 19, 2024 to Aug 25, 2024 (Week 34)",APAC,3425.339475
"Aug 12, 2024 to Aug 18, 2024 (Week 33)",impact - NAM,86036.90994
"Aug 12, 2024 to Aug 18, 2024 (Week 33)",APAC,3584.867257
"Aug 5, 2024 to Aug 11, 2024 (Week 32)",impact - NAM,86537.44994
"Aug 5, 2024 to Aug 11, 2024 (Week 32)",APAC,3561.394042
"Jul 29, 2024 to Aug 4, 2024 (Week 31)",impact - NAM,88543.18995
"Jul 29, 2024 to Aug 4, 2024 (Week 31)",APAC,3605.469643
"Jul 22, 2024 to Jul 28, 2024 (Week 30)",impact - NAM,85191.73995
"Jul 22, 2024 to Jul 28, 2024 (Week 30)",APAC,3782.819671
"Jul 15, 2024 to Jul 21, 2024 (Week 29)",impact - NAM,85953.37995
"Jul 15, 2024 to Jul 21, 2024 (Week 29)",APAC,3758.389628
"Jul 8, 2024 to Jul 14, 2024 (Week 28)",impact - NAM,88862.01995
"Jul 8, 2024 to Jul 14, 2024 (Week 28)",APAC,2459.209157
"Jul 1, 2024 to Jul 7, 2024 (Week 27)",APAC,2522.85965
"Jul 1, 2024 to Jul 7, 2024 (Week 27)",impact - NAM,84088.74994
"Jun 24, 2024 to Jun 30, 2024 (Week 26)",impact - NAM,83628.43
"Jun 24, 2024 to Jun 30, 2024 (Week 26)",APAC,2505.752133
"Jun 17, 2024 to Jun 23, 2024 (Week 25)",APAC,2665.046414
"Jun 17, 2024 to Jun 23, 2024 (Week 25)",impact - NAM,94138.75
"Jun 10, 2024 to Jun 16, 2024 (Week 24)",APAC,2637.832609
"Jun 10, 2024 to Jun 16, 2024 (Week 24)",impact - NAM,89125
"Jun 3, 2024 to Jun 9, 2024 (Week 23)",APAC,2477.1
"Jun 3, 2024 to Jun 9, 2024 (Week 23)",impact - NAM,89490.15
"May 27, 2024 to Jun 2, 2024 (Week 22)",impact - NAM,80704.59
"May 27, 2024 to Jun 2, 2024 (Week 22)",APAC,2632.176316
"May 20, 2024 to May 26, 2024 (Week 21)",APAC,2435.210551
"May 20, 2024 to May 26, 2024 (Week 21)",impact - NAM,70148.89
"May 13, 2024 to May 19, 2024 (Week 20)",APAC,2424.07
"May 13, 2024 to May 19, 2024 (Week 20)",impact - NAM,77773.8
"May 6, 2024 to May 12, 2024 (Week 19)",APAC,2140.37
"May 6, 2024 to May 12, 2024 (Week 19)",impact - NAM,92672.37
"Apr 29, 2024 to May 5, 2024 (Week 18)",APAC,2509.19
"Apr 29, 2024 to May 5, 2024 (Week 18)",impact - NAM,93442.7
"Apr 22, 2024 to Apr 28, 2024 (Week 17)",APAC,1476.04
"Apr 22, 2024 to Apr 28, 2024 (Week 17)",impact - NAM,90612.23
"Apr 15, 2024 to Apr 21, 2024 (Week 16)",APAC,1991.322817
"Apr 15, 2024 to Apr 21, 2024 (Week 16)",impact - NAM,74173.76
"Apr 8, 2024 to Apr 14, 2024 (Week 15)",APAC,1932.894324
"Apr 8, 2024 to Apr 14, 2024 (Week 15)",impact - NAM,71643.63
"Apr 1, 2024 to Apr 7, 2024 (Week 14)",APAC,2116
"Apr 1, 2024 to Apr 7, 2024 (Week 14)",impact - NAM,86811.35
"Mar 25, 2024 to Mar 31, 2024 (Week 13)",APAC,2232.98
"Mar 25, 2024 to Mar 31, 2024 (Week 13)",impact - NAM,66399.25
"Mar 18, 2024 to Mar 24, 2024 (Week 12)",APAC,1904.37
"Mar 18, 2024 to Mar 24, 2024 (Week 12)",impact - NAM,65428.89
"Mar 11, 2024 to Mar 17, 2024 (Week 11)",APAC,1833.302733
"Mar 11, 2024 to Mar 17, 2024 (Week 11)",impact - NAM,62673.08
"Mar 4, 2024 to Mar 10, 2024 (Week 10)",impact - NAM,64129.75
"Mar 4, 2024 to Mar 10, 2024 (Week 10)",APAC,1791.02
"Feb 26, 2024 to Mar 3, 2024 (Week 9)",APAC,1484.77
"Feb 26, 2024 to Mar 3, 2024 (Week 9)",impact - NAM,60092.37
"Feb 19, 2024 to Feb 25, 2024 (Week 8)",impact - NAM,55930.91
"Feb 19, 2024 to Feb 25, 2024 (Week 8)",APAC,1509.47
"Feb 12, 2024 to Feb 18, 2024 (Week 7)",impact - NAM,44887.01
"Feb 12, 2024 to Feb 18, 2024 (Week 7)",APAC,1658.22
"Feb 5, 2024 to Feb 11, 2024 (Week 6)",APAC,2195.05
"Feb 5, 2024 to Feb 11, 2024 (Week 6)",impact - NAM,44556.52
"Jan 29, 2024 to Feb 4, 2024 (Week 5)",APAC,2704.57
"Jan 29, 2024 to Feb 4, 2024 (Week 5)",impact - NAM,45560.31
"Jan 22, 2024 to Jan 28, 2024 (Week 4)",impact - NAM,42329.78
"Jan 22, 2024 to Jan 28, 2024 (Week 4)",APAC,2509.04
"Jan 15, 2024 to Jan 21, 2024 (Week 3)",impact - NAM,49997.76
"Jan 15, 2024 to Jan 21, 2024 (Week 3)",APAC,2453.12
"Jan 8, 2024 to Jan 14, 2024 (Week 2)",impact - NAM,67990.33
"Jan 8, 2024 to Jan 14, 2024 (Week 2)",APAC,2582.58
"Jan 1, 2024 to Jan 7, 2024 (Week 1)",impact - NAM,62802.61
"Jan 1, 2024 to Jan 7, 2024 (Week 1)",APAC,2621.38
"Dec 25, 2023 to Dec 31, 2023 (Week 52)",APAC,757.06
"Dec 18, 2023 to Dec 24, 2023 (Week 51)",APAC,2252.53
"Dec 18, 2023 to Dec 24, 2023 (Week 51)",impact - NAM,21351.6
"Dec 11, 2023 to Dec 17, 2023 (Week 50)",APAC,6776.05
"Dec 11, 2023 to Dec 17, 2023 (Week 50)",impact - NAM,74419.42
"Dec 4, 2023 to Dec 10, 2023 (Week 49)",impact - NAM,83065.43
"Dec 4, 2023 to Dec 10, 2023 (Week 49)",APAC,7518.331236
"Nov 27, 2023 to Dec 3, 2023 (Week 48)",impact - NAM,81823.21
"Nov 27, 2023 to Dec 3, 2023 (Week 48)",APAC,8721.93
"Nov 20, 2023 to Nov 26, 2023 (Week 47)",impact - NAM,47037.94
"Nov 20, 2023 to Nov 26, 2023 (Week 47)",APAC,8131.11
"Nov 13, 2023 to Nov 19, 2023 (Week 46)",impact - NAM,44386.81
"Nov 13, 2023 to Nov 19, 2023 (Week 46)",APAC,7232.24
"Nov 6, 2023 to Nov 12, 2023 (Week 45)",impact - NAM,30175.36
"Nov 6, 2023 to Nov 12, 2023 (Week 45)",APAC,7085.55
"Oct 30, 2023 to Nov 5, 2023 (Week 44)",impact - NAM,25278.91
"Oct 30, 2023 to Nov 5, 2023 (Week 44)",APAC,7526.7
"Oct 23, 2023 to Oct 29, 2023 (Week 43)",impact - NAM,31399.3
"Oct 23, 2023 to Oct 29, 2023 (Week 43)",APAC,7512.49
"Oct 16, 2023 to Oct 22, 2023 (Week 42)",APAC,7356.83
"Oct 16, 2023 to Oct 22, 2023 (Week 42)",impact - NAM,32628.85
"Oct 9, 2023 to Oct 15, 2023 (Week 41)",APAC,7940.48
"Oct 9, 2023 to Oct 15, 2023 (Week 41)",impact - NAM,37694.54
"Oct 2, 2023 to Oct 8, 2023 (Week 40)",APAC,6687.36
"Oct 2, 2023 to Oct 8, 2023 (Week 40)",impact - NAM,46408.71
"Sep 25, 2023 to Oct 1, 2023 (Week 39)",APAC,7399.6
"Sep 25, 2023 to Oct 1, 2023 (Week 39)",impact - NAM,53732.13
"Sep 18, 2023 to Sep 24, 2023 (Week 38)",APAC,6721.64
"Sep 18, 2023 to Sep 24, 2023 (Week 38)",impact - NAM,64384.4
"Sep 11, 2023 to Sep 17, 2023 (Week 37)",APAC,7106.27
"Sep 11, 2023 to Sep 17, 2023 (Week 37)",impact - NAM,80504.38
"Sep 4, 2023 to Sep 10, 2023 (Week 36)",APAC,6655.25
"Sep 4, 2023 to Sep 10, 2023 (Week 36)",impact - NAM,85174.2
"Aug 28, 2023 to Sep 3, 2023 (Week 35)",APAC,7065.25
"Aug 28, 2023 to Sep 3, 2023 (Week 35)",impact - NAM,81255.07
"Aug 28, 2023 to Sep 3, 2023 (Week 35)",Discover and Recruit,7341.25
"Aug 21, 2023 to Aug 27, 2023 (Week 34)",APAC,7641.33
"Aug 21, 2023 to Aug 27, 2023 (Week 34)",Discover and Recruit,11365.66
"Aug 21, 2023 to Aug 27, 2023 (Week 34)",impact - NAM,74697.82
"Aug 14, 2023 to Aug 20, 2023 (Week 33)",APAC,9068.3
"Aug 14, 2023 to Aug 20, 2023 (Week 33)",impact - NAM,64039.03
"Aug 14, 2023 to Aug 20, 2023 (Week 33)",Discover and Recruit,17664.93
"Aug 7, 2023 to Aug 13, 2023 (Week 32)",APAC,6594.27
"Aug 7, 2023 to Aug 13, 2023 (Week 32)",Discover and Recruit,23411.79
"Aug 7, 2023 to Aug 13, 2023 (Week 32)",impact - NAM,54778.05
"Jul 31, 2023 to Aug 6, 2023 (Week 31)",Discover and Recruit,23810.89
"Jul 31, 2023 to Aug 6, 2023 (Week 31)",APAC,7002.32
"Jul 31, 2023 to Aug 6, 2023 (Week 31)",impact - NAM,48218.25
"Jul 31, 2023 to Aug 6, 2023 (Week 31)",EMEA,1943.15
"Jul 24, 2023 to Jul 30, 2023 (Week 30)",EMEA,10014.31
"Jul 24, 2023 to Jul 30, 2023 (Week 30)",Discover and Recruit,16800
"Jul 24, 2023 to Jul 30, 2023 (Week 30)",impact - NAM,24897.34
"Jul 24, 2023 to Jul 30, 2023 (Week 30)",APAC,4634.05
"Jul 17, 2023 to Jul 23, 2023 (Week 29)",impact - NAM,23009.77
"Jul 17, 2023 to Jul 23, 2023 (Week 29)",EMEA,11221.53
"Jul 17, 2023 to Jul 23, 2023 (Week 29)",Discover and Recruit,16577.63
"Jul 17, 2023 to Jul 23, 2023 (Week 29)",APAC,5086.05
"Jul 10, 2023 to Jul 16, 2023 (Week 28)",EMEA,11881.31
"Jul 10, 2023 to Jul 16, 2023 (Week 28)",Discover and Recruit,16347
"Jul 10, 2023 to Jul 16, 2023 (Week 28)",APAC,5869.26
"Jul 10, 2023 to Jul 16, 2023 (Week 28)",impact - NAM,47383.81
"Jul 3, 2023 to Jul 9, 2023 (Week 27)",EMEA,16183.6
"Jul 3, 2023 to Jul 9, 2023 (Week 27)",Discover and Recruit,9589.14
"Jul 3, 2023 to Jul 9, 2023 (Week 27)",APAC,6118.16
"Jul 3, 2023 to Jul 9, 2023 (Week 27)",impact - NAM,71080.4
"Jun 26, 2023 to Jul 2, 2023 (Week 26)",APAC,6050.87
"Jun 26, 2023 to Jul 2, 2023 (Week 26)",EMEA,14886.43
"Jun 26, 2023 to Jul 2, 2023 (Week 26)",impact - NAM,63788.12
"Jun 19, 2023 to Jun 25, 2023 (Week 25)",impact - NAM,57534.31
"Jun 19, 2023 to Jun 25, 2023 (Week 25)",EMEA,14540.16
"Jun 19, 2023 to Jun 25, 2023 (Week 25)",APAC,8695.48
"Jun 12, 2023 to Jun 18, 2023 (Week 24)",impact - NAM,53300.64
"Jun 12, 2023 to Jun 18, 2023 (Week 24)",EMEA,14801.19
"Jun 12, 2023 to Jun 18, 2023 (Week 24)",APAC,10707.99
"Jun 5, 2023 to Jun 11, 2023 (Week 23)",impact - NAM,47880.08
"Jun 5, 2023 to Jun 11, 2023 (Week 23)",EMEA,8752.2
"Jun 5, 2023 to Jun 11, 2023 (Week 23)",APAC,10287.12
"May 29, 2023 to Jun 4, 2023 (Week 22)",APAC,8906.77
"May 29, 2023 to Jun 4, 2023 (Week 22)",EMEA,8106.85
"May 29, 2023 to Jun 4, 2023 (Week 22)",impact - NAM,39057.69
"May 22, 2023 to May 28, 2023 (Week 21)",EMEA,11373.54
"May 22, 2023 to May 28, 2023 (Week 21)",APAC,9273.9
"May 22, 2023 to May 28, 2023 (Week 21)",impact - NAM,43848.01
"May 15, 2023 to May 21, 2023 (Week 20)",EMEA,13734.91
"May 15, 2023 to May 21, 2023 (Week 20)",APAC,9648.96
"May 15, 2023 to May 21, 2023 (Week 20)",impact - NAM,44388.66
"May 8, 2023 to May 14, 2023 (Week 19)",Radius - Publisher Marketing,395.91
"May 8, 2023 to May 14, 2023 (Week 19)",APAC,8189.55
"May 8, 2023 to May 14, 2023 (Week 19)",impact - NAM,39150.79
"May 8, 2023 to May 14, 2023 (Week 19)",EMEA,17627.05
"May 1, 2023 to May 7, 2023 (Week 18)",APAC,7388.75
"May 1, 2023 to May 7, 2023 (Week 18)",impact - NAM,29024.17
"May 1, 2023 to May 7, 2023 (Week 18)",Radius - Publisher Marketing,600
"May 1, 2023 to May 7, 2023 (Week 18)",EMEA,35921.6
"Apr 24, 2023 to Apr 30, 2023 (Week 17)",APAC,7215.984969
"Apr 24, 2023 to Apr 30, 2023 (Week 17)",impact - NAM,28027.84917
"Apr 24, 2023 to Apr 30, 2023 (Week 17)",EMEA,20071.85
"Apr 17, 2023 to Apr 23, 2023 (Week 16)",EMEA,49319.32
"Apr 17, 2023 to Apr 23, 2023 (Week 16)",APAC,7601.83
"Apr 17, 2023 to Apr 23, 2023 (Week 16)",impact - NAM,34227.77
"Apr 10, 2023 to Apr 16, 2023 (Week 15)",Radius - Publisher Marketing,319.51
"Apr 10, 2023 to Apr 16, 2023 (Week 15)",APAC,7744.06
"Apr 10, 2023 to Apr 16, 2023 (Week 15)",EMEA,69477.87
"Apr 10, 2023 to Apr 16, 2023 (Week 15)",impact - NAM,42871.59
"Apr 3, 2023 to Apr 9, 2023 (Week 14)",impact - NAM,48411.47
"Apr 3, 2023 to Apr 9, 2023 (Week 14)",APAC,7466.6
"Apr 3, 2023 to Apr 9, 2023 (Week 14)",Radius - Publisher Marketing,1400
"Apr 3, 2023 to Apr 9, 2023 (Week 14)",EMEA,81750.42
"Mar 27, 2023 to Apr 2, 2023 (Week 13)",APAC,3177.63
"Mar 27, 2023 to Apr 2, 2023 (Week 13)",impact - NAM,48626.55
"Mar 27, 2023 to Apr 2, 2023 (Week 13)",EMEA,37302.49
"Mar 27, 2023 to Apr 2, 2023 (Week 13)",Radius - Publisher Marketing,1056.21
"Mar 20, 2023 to Mar 26, 2023 (Week 12)",APAC,5881.01
"Mar 20, 2023 to Mar 26, 2023 (Week 12)",EMEA,15956.28
"Mar 20, 2023 to Mar 26, 2023 (Week 12)",impact - NAM,48890.04
"Mar 13, 2023 to Mar 19, 2023 (Week 11)",APAC,6371.38
"Mar 13, 2023 to Mar 19, 2023 (Week 11)",impact - NAM,50823.85
"Mar 13, 2023 to Mar 19, 2023 (Week 11)",EMEA,14048.45
"Mar 6, 2023 to Mar 12, 2023 (Week 10)",impact - NAM,36517.3
"Mar 6, 2023 to Mar 12, 2023 (Week 10)",EMEA,9794.92
"Mar 6, 2023 to Mar 12, 2023 (Week 10)",APAC,4862.46
"Feb 27, 2023 to Mar 5, 2023 (Week 9)",EMEA,11469.24
"Feb 27, 2023 to Mar 5, 2023 (Week 9)",impact - NAM,42572.37
"Feb 27, 2023 to Mar 5, 2023 (Week 9)",Metadata.io,715.38
"Feb 27, 2023 to Mar 5, 2023 (Week 9)",APAC,5737.14
"Feb 20, 2023 to Feb 26, 2023 (Week 8)",impact - NAM,36025.09
"Feb 20, 2023 to Feb 26, 2023 (Week 8)",EMEA,12357.8
"Feb 20, 2023 to Feb 26, 2023 (Week 8)",APAC,6169.87
"Feb 20, 2023 to Feb 26, 2023 (Week 8)",Metadata.io,2679.3
"Feb 13, 2023 to Feb 19, 2023 (Week 7)",EMEA,11115.2
"Feb 13, 2023 to Feb 19, 2023 (Week 7)",impact - NAM,36037.66
"Feb 13, 2023 to Feb 19, 2023 (Week 7)",APAC,5174.95
"Feb 13, 2023 to Feb 19, 2023 (Week 7)",Metadata.io,1549.29
"Feb 6, 2023 to Feb 12, 2023 (Week 6)",impact - NAM,35532.71
"Feb 6, 2023 to Feb 12, 2023 (Week 6)",EMEA,11243.06
"Feb 6, 2023 to Feb 12, 2023 (Week 6)",Metadata.io,2248
"Feb 6, 2023 to Feb 12, 2023 (Week 6)",APAC,4249.4
"Jan 30, 2023 to Feb 5, 2023 (Week 5)",PLG,184.77
"Jan 30, 2023 to Feb 5, 2023 (Week 5)",APAC,4262.06
"Jan 30, 2023 to Feb 5, 2023 (Week 5)",impact - NAM,47834.59
"Jan 30, 2023 to Feb 5, 2023 (Week 5)",EMEA,10982.36
"Jan 30, 2023 to Feb 5, 2023 (Week 5)",Metadata.io,1582.79
"Jan 23, 2023 to Jan 29, 2023 (Week 4)",APAC,6854.88
"Jan 23, 2023 to Jan 29, 2023 (Week 4)",EMEA,10461.04
"Jan 23, 2023 to Jan 29, 2023 (Week 4)",PLG,419.34
"Jan 23, 2023 to Jan 29, 2023 (Week 4)",Metadata.io,2447.52
"Jan 23, 2023 to Jan 29, 2023 (Week 4)",impact - NAM,40809.98
"Jan 16, 2023 to Jan 22, 2023 (Week 3)",impact - NAM,25022.87
"Jan 16, 2023 to Jan 22, 2023 (Week 3)",PLG,451.95
"Jan 16, 2023 to Jan 22, 2023 (Week 3)",Metadata.io,2857.93
"Jan 16, 2023 to Jan 22, 2023 (Week 3)",EMEA,7112.06
"Jan 16, 2023 to Jan 22, 2023 (Week 3)",APAC,8245.79
"Jan 9, 2023 to Jan 15, 2023 (Week 2)",Metadata.io,2840.36
"Jan 9, 2023 to Jan 15, 2023 (Week 2)",impact - NAM,25366.28
"Jan 9, 2023 to Jan 15, 2023 (Week 2)",APAC,5792.47
"Jan 9, 2023 to Jan 15, 2023 (Week 2)",PLG,243.28
"Jan 2, 2023 to Jan 8, 2023 (Week 1)",APAC,700
"Jan 2, 2023 to Jan 8, 2023 (Week 1)",impact - NAM,45721.15
"Dec 19, 2022 to Dec 25, 2022 (Week 51)",APAC,293.1
"Dec 19, 2022 to Dec 25, 2022 (Week 51)",Metadata.io,697.35
"Dec 12, 2022 to Dec 18, 2022 (Week 50)",APAC,4481.72
"Dec 12, 2022 to Dec 18, 2022 (Week 50)",Radius - Publisher Marketing,2022.75
"Dec 12, 2022 to Dec 18, 2022 (Week 50)",impact - NAM,38403.73
"Dec 12, 2022 to Dec 18, 2022 (Week 50)",Metadata.io,2400.94
"Dec 5, 2022 to Dec 11, 2022 (Week 49)",Radius - Publisher Marketing,2965.83
"Dec 5, 2022 to Dec 11, 2022 (Week 49)",impact - NAM,76268.06
"Dec 5, 2022 to Dec 11, 2022 (Week 49)",APAC,7453.42
"Dec 5, 2022 to Dec 11, 2022 (Week 49)",Metadata.io,1663.94
"Nov 28, 2022 to Dec 4, 2022 (Week 48)",Radius - Publisher Marketing,1546.7
"Nov 28, 2022 to Dec 4, 2022 (Week 48)",APAC,6382.69
"Nov 28, 2022 to Dec 4, 2022 (Week 48)",impact - NAM,72278.34
"Nov 28, 2022 to Dec 4, 2022 (Week 48)",Metadata.io,2042.32
"Nov 21, 2022 to Nov 27, 2022 (Week 47)",APAC,4613.78
"Nov 21, 2022 to Nov 27, 2022 (Week 47)",impact - NAM,57759.76
"Nov 21, 2022 to Nov 27, 2022 (Week 47)",Radius - Publisher Marketing,762.34
"Nov 21, 2022 to Nov 27, 2022 (Week 47)",Metadata.io,2178.84
"Nov 14, 2022 to Nov 20, 2022 (Week 46)",Radius - Publisher Marketing,884.7
"Nov 14, 2022 to Nov 20, 2022 (Week 46)",APAC,5911.67
"Nov 14, 2022 to Nov 20, 2022 (Week 46)",impact - NAM,70312.96
"Nov 14, 2022 to Nov 20, 2022 (Week 46)",Metadata.io,1976.59
"Nov 7, 2022 to Nov 13, 2022 (Week 45)",Metadata.io,1986.6
"Nov 7, 2022 to Nov 13, 2022 (Week 45)",APAC,7009.64
"Nov 7, 2022 to Nov 13, 2022 (Week 45)",impact - NAM,77650.39
"Oct 31, 2022 to Nov 6, 2022 (Week 44)",Radius - Publisher Marketing,219.76
"Oct 31, 2022 to Nov 6, 2022 (Week 44)",APAC,6630.7
"Oct 31, 2022 to Nov 6, 2022 (Week 44)",Metadata.io,2190.03
"Oct 31, 2022 to Nov 6, 2022 (Week 44)",impact - NAM,59558.83289
"Oct 24, 2022 to Oct 30, 2022 (Week 43)",APAC,5739.65
"Oct 24, 2022 to Oct 30, 2022 (Week 43)",Metadata.io,2331.3
"Oct 24, 2022 to Oct 30, 2022 (Week 43)",impact - NAM,43165.38
"Oct 24, 2022 to Oct 30, 2022 (Week 43)",Radius - Publisher Marketing,4320.79
"Oct 17, 2022 to Oct 23, 2022 (Week 42)",Radius - Publisher Marketing,4877.84
"Oct 17, 2022 to Oct 23, 2022 (Week 42)",impact - NAM,44455.13
"Oct 17, 2022 to Oct 23, 2022 (Week 42)",Metadata.io,2256.66
"Oct 17, 2022 to Oct 23, 2022 (Week 42)",APAC,5792.45
"Oct 10, 2022 to Oct 16, 2022 (Week 41)",impact - NAM,57900.39
"Oct 10, 2022 to Oct 16, 2022 (Week 41)",Metadata.io,1818.34
"Oct 10, 2022 to Oct 16, 2022 (Week 41)",APAC,5857.48
"Oct 3, 2022 to Oct 9, 2022 (Week 40)",impact - NAM,85444.98
"Oct 3, 2022 to Oct 9, 2022 (Week 40)",APAC,5249.02
"Oct 3, 2022 to Oct 9, 2022 (Week 40)",Metadata.io,1969.24
"Sep 26, 2022 to Oct 2, 2022 (Week 39)",impact - NAM,92737.88
"Sep 26, 2022 to Oct 2, 2022 (Week 39)",APAC,5611.55
"Sep 26, 2022 to Oct 2, 2022 (Week 39)",Metadata.io,2652.75
"Sep 19, 2022 to Sep 25, 2022 (Week 38)",impact - NAM,105938.5579
"Sep 19, 2022 to Sep 25, 2022 (Week 38)",APAC,4775.47
"Sep 19, 2022 to Sep 25, 2022 (Week 38)",Metadata.io,2550.24
"Sep 12, 2022 to Sep 18, 2022 (Week 37)",impact - NAM,84252.2
"Sep 12, 2022 to Sep 18, 2022 (Week 37)",Metadata.io,2701
"Sep 12, 2022 to Sep 18, 2022 (Week 37)",APAC,4209.87
"Sep 5, 2022 to Sep 11, 2022 (Week 36)",impact - NAM,52302.63
"Sep 5, 2022 to Sep 11, 2022 (Week 36)",APAC,3550.9
"Sep 5, 2022 to Sep 11, 2022 (Week 36)",Metadata.io,751.31
"Aug 29, 2022 to Sep 4, 2022 (Week 35)",APAC,1889.19
"Aug 29, 2022 to Sep 4, 2022 (Week 35)",Metadata.io,1238.6
"Aug 29, 2022 to Sep 4, 2022 (Week 35)",impact - NAM,37951.5
"Aug 22, 2022 to Aug 28, 2022 (Week 34)",Default Campaign Group,1063.13
"Aug 22, 2022 to Aug 28, 2022 (Week 34)",APAC,140.23
"Aug 22, 2022 to Aug 28, 2022 (Week 34)",Metadata.io,1759.29
"Aug 22, 2022 to Aug 28, 2022 (Week 34)",impact - NAM,34624.69
"Aug 15, 2022 to Aug 21, 2022 (Week 33)",APAC,1247.69
"Aug 15, 2022 to Aug 21, 2022 (Week 33)",Default Campaign Group,1500
"Aug 15, 2022 to Aug 21, 2022 (Week 33)",Metadata.io,5239.14
"Aug 15, 2022 to Aug 21, 2022 (Week 33)",impact - NAM,8036.06
"Aug 8, 2022 to Aug 14, 2022 (Week 32)",APAC,2094.75
"Aug 8, 2022 to Aug 14, 2022 (Week 32)",Metadata.io,6841.48
"Aug 8, 2022 to Aug 14, 2022 (Week 32)",impact - NAM,4232.67
"Aug 1, 2022 to Aug 7, 2022 (Week 31)",APAC,2519.85
"Aug 1, 2022 to Aug 7, 2022 (Week 31)",impact - NAM,3690.45
"Aug 1, 2022 to Aug 7, 2022 (Week 31)",Metadata.io,2846.05
"Jul 25, 2022 to Jul 31, 2022 (Week 30)",impact - NAM,3865.05
"Jul 25, 2022 to Jul 31, 2022 (Week 30)",APAC,2289.75
"Jul 25, 2022 to Jul 31, 2022 (Week 30)",Metadata.io,14445.43
"Jul 18, 2022 to Jul 24, 2022 (Week 29)",impact - NAM,4004.85
"Jul 18, 2022 to Jul 24, 2022 (Week 29)",Radius - Publisher Marketing,547.01
"Jul 18, 2022 to Jul 24, 2022 (Week 29)",APAC,1803.49
"Jul 18, 2022 to Jul 24, 2022 (Week 29)",Metadata.io,21140.95
"Jul 11, 2022 to Jul 17, 2022 (Week 28)",APAC,1665.1
"Jul 11, 2022 to Jul 17, 2022 (Week 28)",impact - NAM,3987.12
"Jul 11, 2022 to Jul 17, 2022 (Week 28)",Radius - Publisher Marketing,2081.39
"Jul 11, 2022 to Jul 17, 2022 (Week 28)",Metadata.io,30763.13
"Jul 4, 2022 to Jul 10, 2022 (Week 27)",Metadata.io,9526.21
"Jul 4, 2022 to Jul 10, 2022 (Week 27)",APAC,1891.15
"Jul 4, 2022 to Jul 10, 2022 (Week 27)",impact - NAM,3989.19
"Jul 4, 2022 to Jul 10, 2022 (Week 27)",Radius - Publisher Marketing,1782.2
"Jun 27, 2022 to Jul 3, 2022 (Week 26)",Radius - Publisher Marketing,1120
"Jun 27, 2022 to Jul 3, 2022 (Week 26)",Metadata.io,7421.29
"Jun 27, 2022 to Jul 3, 2022 (Week 26)",APAC,1093.65
"Jun 27, 2022 to Jul 3, 2022 (Week 26)",impact - NAM,4591.2
"Jun 20, 2022 to Jun 26, 2022 (Week 25)",Metadata.io,4985.52
"Jun 20, 2022 to Jun 26, 2022 (Week 25)",APAC,1016
"Jun 20, 2022 to Jun 26, 2022 (Week 25)",impact - NAM,4157.7
"Jun 20, 2022 to Jun 26, 2022 (Week 25)",Radius - Publisher Marketing,1781.03
"Jun 13, 2022 to Jun 19, 2022 (Week 24)",impact - NAM,4016.79
"Jun 13, 2022 to Jun 19, 2022 (Week 24)",Radius - Publisher Marketing,2566.4
"Jun 13, 2022 to Jun 19, 2022 (Week 24)",APAC,324.21
"Jun 13, 2022 to Jun 19, 2022 (Week 24)",Metadata.io,5691.03
"Jun 6, 2022 to Jun 12, 2022 (Week 23)",APAC,118.95
"Jun 6, 2022 to Jun 12, 2022 (Week 23)",impact - NAM,4357.6
"Jun 6, 2022 to Jun 12, 2022 (Week 23)",Radius - Publisher Marketing,700
"Jun 6, 2022 to Jun 12, 2022 (Week 23)",Metadata.io,17147.13
"May 30, 2022 to Jun 5, 2022 (Week 22)",APAC,295.6
"May 30, 2022 to Jun 5, 2022 (Week 22)",impact - NAM,21593.65
"May 30, 2022 to Jun 5, 2022 (Week 22)",Radius - Publisher Marketing,475.5
"May 30, 2022 to Jun 5, 2022 (Week 22)",Metadata.io,16124.27
"May 23, 2022 to May 29, 2022 (Week 21)",impact - NAM,26757.58
"May 23, 2022 to May 29, 2022 (Week 21)",Metadata.io,13062.36
"May 23, 2022 to May 29, 2022 (Week 21)",APAC,213.73
"May 16, 2022 to May 22, 2022 (Week 20)",impact - NAM,29499.39
"May 16, 2022 to May 22, 2022 (Week 20)",APAC,486.91
"May 16, 2022 to May 22, 2022 (Week 20)",Radius - Publisher Marketing,594.56
"May 16, 2022 to May 22, 2022 (Week 20)",Metadata.io,11157.61
"May 9, 2022 to May 15, 2022 (Week 19)",Radius - Publisher Marketing,700
"May 9, 2022 to May 15, 2022 (Week 19)",APAC,949.08
"May 9, 2022 to May 15, 2022 (Week 19)",Metadata.io,7826.93
"May 9, 2022 to May 15, 2022 (Week 19)",impact - NAM,37432.41
"May 2, 2022 to May 8, 2022 (Week 18)",Metadata.io,5585.45
"May 2, 2022 to May 8, 2022 (Week 18)",APAC,945.2
"May 2, 2022 to May 8, 2022 (Week 18)",Radius - Publisher Marketing,691.71
"May 2, 2022 to May 8, 2022 (Week 18)",impact - NAM,44220.17
"Apr 25, 2022 to May 1, 2022 (Week 17)",APAC,1286.19
"Apr 25, 2022 to May 1, 2022 (Week 17)",impact - NAM,43194.58
"Apr 25, 2022 to May 1, 2022 (Week 17)",Radius - Publisher Marketing,1382.94
"Apr 25, 2022 to May 1, 2022 (Week 17)",Metadata.io,1521.73
"Apr 18, 2022 to Apr 24, 2022 (Week 16)",APAC,1043.78
"Apr 18, 2022 to Apr 24, 2022 (Week 16)",Radius - Publisher Marketing,1260
"Apr 18, 2022 to Apr 24, 2022 (Week 16)",impact - NAM,46922.7
"Apr 18, 2022 to Apr 24, 2022 (Week 16)",Metadata.io,3993.32
"Apr 11, 2022 to Apr 17, 2022 (Week 15)",APAC,350
"Apr 11, 2022 to Apr 17, 2022 (Week 15)",impact - NAM,57360.06
"Apr 11, 2022 to Apr 17, 2022 (Week 15)",Radius - Publisher Marketing,1260
"Apr 11, 2022 to Apr 17, 2022 (Week 15)",Metadata.io,1539.05
"Apr 4, 2022 to Apr 10, 2022 (Week 14)",Metadata.io,137.7
"Apr 4, 2022 to Apr 10, 2022 (Week 14)",impact - NAM,65384.98
"Apr 4, 2022 to Apr 10, 2022 (Week 14)",APAC,1059.47
"Apr 4, 2022 to Apr 10, 2022 (Week 14)",Radius - Publisher Marketing,1422.74
"Mar 28, 2022 to Apr 3, 2022 (Week 13)",Radius - Publisher Marketing,1995.73
"Mar 28, 2022 to Apr 3, 2022 (Week 13)",Metadata.io,80.4
"Mar 28, 2022 to Apr 3, 2022 (Week 13)",impact - NAM,60058.5
"Mar 28, 2022 to Apr 3, 2022 (Week 13)",APAC,510.15
"Mar 21, 2022 to Mar 27, 2022 (Week 12)",impact - NAM,57557.09
"Mar 21, 2022 to Mar 27, 2022 (Week 12)",Radius - Publisher Marketing,2310
"Mar 14, 2022 to Mar 20, 2022 (Week 11)",impact - NAM,48224.18
"Mar 14, 2022 to Mar 20, 2022 (Week 11)",Radius - Publisher Marketing,1976.59
"Mar 7, 2022 to Mar 13, 2022 (Week 10)",impact - NAM,42515.79
"Mar 7, 2022 to Mar 13, 2022 (Week 10)",Radius - Publisher Marketing,1896.73
"Feb 28, 2022 to Mar 6, 2022 (Week 9)",Radius - Publisher Marketing,1676.05
"Feb 28, 2022 to Mar 6, 2022 (Week 9)",impact - NAM,51568.44
"Feb 21, 2022 to Feb 27, 2022 (Week 8)",impact - NAM,45893.1
"Feb 21, 2022 to Feb 27, 2022 (Week 8)",Radius - Publisher Marketing,1260
"Feb 14, 2022 to Feb 20, 2022 (Week 7)",Radius - Publisher Marketing,1260
"Feb 14, 2022 to Feb 20, 2022 (Week 7)",impact - NAM,45063.36
"Feb 7, 2022 to Feb 13, 2022 (Week 6)",Radius - Publisher Marketing,1260
"Feb 7, 2022 to Feb 13, 2022 (Week 6)",impact - NAM,46483.58
"Jan 31, 2022 to Feb 6, 2022 (Week 5)",Radius - Publisher Marketing,1080
"Jan 31, 2022 to Feb 6, 2022 (Week 5)",impact - NAM,48088.37
"Jan 24, 2022 to Jan 30, 2022 (Week 4)",impact - NAM,48044.76
"Jan 17, 2022 to Jan 23, 2022 (Week 3)",impact - NAM,42187.08
"Jan 10, 2022 to Jan 16, 2022 (Week 2)",impact - NAM,46316.18
"Jan 3, 2022 to Jan 9, 2022 (Week 1)",Radius - Publisher Marketing,376.13
"Jan 3, 2022 to Jan 9, 2022 (Week 1)",impact - NAM,44813.1
"Dec 20, 2021 to Dec 26, 2021 (Week 51)",Radius - Publisher Marketing,403.34
"Dec 20, 2021 to Dec 26, 2021 (Week 51)",impact - NAM,13593.77
"Dec 13, 2021 to Dec 19, 2021 (Week 50)",Radius - Publisher Marketing,560
"Dec 13, 2021 to Dec 19, 2021 (Week 50)",impact - NAM,33708.65
"Dec 6, 2021 to Dec 12, 2021 (Week 49)",impact - NAM,32951.7
"Dec 6, 2021 to Dec 12, 2021 (Week 49)",Radius - Publisher Marketing,842.19
"Nov 29, 2021 to Dec 5, 2021 (Week 48)",Radius - Publisher Marketing,1225
"Nov 29, 2021 to Dec 5, 2021 (Week 48)",impact - NAM,28491.43
"Nov 22, 2021 to Nov 28, 2021 (Week 47)",impact - NAM,19415.28
"Nov 22, 2021 to Nov 28, 2021 (Week 47)",Radius - Publisher Marketing,1119.31
"Nov 15, 2021 to Nov 21, 2021 (Week 46)",impact - NAM,24548.88
"Nov 15, 2021 to Nov 21, 2021 (Week 46)",Radius - Publisher Marketing,1225
"Nov 8, 2021 to Nov 14, 2021 (Week 45)",impact - NAM,26879.95
"Nov 8, 2021 to Nov 14, 2021 (Week 45)",Radius - Publisher Marketing,1552.23
"Nov 1, 2021 to Nov 7, 2021 (Week 44)",Radius - Publisher Marketing,1260.77
"Nov 1, 2021 to Nov 7, 2021 (Week 44)",impact - NAM,24358.45
"Oct 25, 2021 to Oct 31, 2021 (Week 43)",impact - NAM,19771.66
"Oct 18, 2021 to Oct 24, 2021 (Week 42)",impact - NAM,28040.15
"Oct 11, 2021 to Oct 17, 2021 (Week 41)",impact - NAM,25397.09
"Oct 4, 2021 to Oct 10, 2021 (Week 40)",impact - NAM,22531.94
"Sep 27, 2021 to Oct 3, 2021 (Week 39)",impact - NAM,18813.83
"Sep 20, 2021 to Sep 26, 2021 (Week 38)",impact - NAM,20192.68
"Sep 13, 2021 to Sep 19, 2021 (Week 37)",impact - NAM,49867.05
"Sep 6, 2021 to Sep 12, 2021 (Week 36)",impact - NAM,48591.85
"Aug 30, 2021 to Sep 5, 2021 (Week 35)",impact - NAM,45574.21
"Aug 23, 2021 to Aug 29, 2021 (Week 34)",impact - NAM,33871.56
"Aug 16, 2021 to Aug 22, 2021 (Week 33)",impact - NAM,45078.5
"Aug 9, 2021 to Aug 15, 2021 (Week 32)",impact - NAM,23032.44
"Aug 2, 2021 to Aug 8, 2021 (Week 31)",impact - NAM,18402.86
"Jul 26, 2021 to Aug 1, 2021 (Week 30)",impact - NAM,9788.11
"Jul 19, 2021 to Jul 25, 2021 (Week 29)",impact - NAM,31324.64
"Jul 12, 2021 to Jul 18, 2021 (Week 28)",impact - NAM,21021.39
"Jul 5, 2021 to Jul 11, 2021 (Week 27)",impact - NAM,20351.28
"Jun 28, 2021 to Jul 4, 2021 (Week 26)",impact - NAM,14058.78
"Jun 21, 2021 to Jun 27, 2021 (Week 25)",impact - NAM,12991.16
"Jun 14, 2021 to Jun 20, 2021 (Week 24)",impact - NAM,13189.66
"Jun 7, 2021 to Jun 13, 2021 (Week 23)",impact - NAM,10211.74
"May 31, 2021 to Jun 6, 2021 (Week 22)",impact - NAM,8402.54
"May 24, 2021 to May 30, 2021 (Week 21)",impact - NAM,15463.32
"May 17, 2021 to May 23, 2021 (Week 20)",impact - NAM,10861.88
"May 10, 2021 to May 16, 2021 (Week 19)",impact - NAM,8212.9
"May 3, 2021 to May 9, 2021 (Week 18)",impact - NAM,6834.06
"Apr 26, 2021 to May 2, 2021 (Week 17)",impact - NAM,14246.06
"Apr 19, 2021 to Apr 25, 2021 (Week 16)",impact - NAM,3305.36
"Apr 12, 2021 to Apr 18, 2021 (Week 15)",impact - NAM,3693.44
"Apr 5, 2021 to Apr 11, 2021 (Week 14)",impact - NAM,4685.68
"Mar 29, 2021 to Apr 4, 2021 (Week 13)",impact - NAM,3997.01
"Mar 22, 2021 to Mar 28, 2021 (Week 12)",impact - NAM,3045.51
"Mar 15, 2021 to Mar 21, 2021 (Week 11)",impact - NAM,3114.34
"Mar 8, 2021 to Mar 14, 2021 (Week 10)",impact - NAM,3879.58
"Mar 1, 2021 to Mar 7, 2021 (Week 9)",impact - NAM,8723.56
"Feb 22, 2021 to Feb 28, 2021 (Week 8)",impact - NAM,17819.22
"Feb 15, 2021 to Feb 21, 2021 (Week 7)",impact - NAM,13229.72
"Feb 8, 2021 to Feb 14, 2021 (Week 6)",impact - NAM,16455.18
"Feb 1, 2021 to Feb 7, 2021 (Week 5)",impact - NAM,15436.13
"Jan 25, 2021 to Jan 31, 2021 (Week 4)",impact - NAM,23673.23
"Jan 18, 2021 to Jan 24, 2021 (Week 3)",impact - NAM,16823.8
"Jan 11, 2021 to Jan 17, 2021 (Week 2)",impact - NAM,10601.82
"Jan 4, 2021 to Jan 10, 2021 (Week 1)",impact - NAM,9672.92
"Dec 28, 2020 to Jan 3, 2021 (Week 53)",impact - NAM,3434.35